{"stat.flyOneCm":3223,"stat.useItem.icf.SwineHammerEndimandium":8,"stat.walkOneCm":28106,"stat.useItem.minecraft.torch":32,"stat.jump":77,"stat.swimOneCm":3742,"stat.playOneMinute":7661,"stat.useItem.icf.PickaxeAluminum":27,"achievement.openInventory":12,"stat.leaveGame":1,"stat.damageTaken":56,"stat.pickup.icf.icfOre":15,"stat.damageDealt":760,"stat.killEntity.Zombie":4,"stat.timeSinceDeath":7661,"stat.sprintOneCm":4359,"stat.mobKills":4,"stat.pickup.minecraft.cobblestone":11,"stat.mineBlock.minecraft.stone":11,"achievement.exploreAllBiomes":{"value":0,"progress":["Beach","Forest"]},"stat.mineBlock.icf.icfOre":16,"stat.diveOneCm":559}